file,line,name,isStruct,isClass,isUnion,isEnum,isThisDeclarationADefinition,isCompleteDefinition,isEmbeddedInDeclarator,isFreeStanding,hasNameForLinkage
/home/patrick/llnl/clang-find-decl/test/00017.c,4,,1,0,0,0,1,1,1,0,0
/home/patrick/llnl/clang-find-decl/test/00018.c,5,S,1,0,0,0,1,1,1,0,1
/home/patrick/llnl/clang-find-decl/test/00019.c,4,S,1,0,0,0,1,1,1,0,1
/home/patrick/llnl/clang-find-decl/test/00024.c,1,,1,0,0,0,1,1,1,0,1
/home/patrick/llnl/clang-find-decl/test/00042.c,4,,0,0,1,0,1,1,1,0,0
/home/patrick/llnl/clang-find-decl/test/00043.c,1,s,1,0,0,0,1,1,0,1,1
/home/patrick/llnl/clang-find-decl/test/00043.c,3,,1,0,0,0,1,1,1,0,0
/home/patrick/llnl/clang-find-decl/test/00044.c,1,T,1,0,0,0,0,0,0,1,1
/home/patrick/llnl/clang-find-decl/test/00044.c,3,T,1,0,0,0,1,1,0,1,1
/home/patrick/llnl/clang-find-decl/test/00044.c,11,T,1,0,0,0,1,1,0,1,1
/home/patrick/llnl/clang-find-decl/test/00046.c,1,,1,0,0,0,1,1,1,0,1
/home/patrick/llnl/clang-find-decl/test/00046.c,3,,0,0,1,0,1,1,1,1,0
/home/patrick/llnl/clang-find-decl/test/00046.c,7,,1,0,0,0,1,1,1,1,0
/home/patrick/llnl/clang-find-decl/test/00046.c,7,,0,0,1,0,1,1,1,1,0
/home/patrick/llnl/clang-find-decl/test/00046.c,7,,1,0,0,0,1,1,1,1,0
/home/patrick/llnl/clang-find-decl/test/00046.c,8,,1,0,0,0,1,1,1,1,0
/home/patrick/llnl/clang-find-decl/test/00047.c,1,,1,0,0,0,1,1,1,0,0
/home/patrick/llnl/clang-find-decl/test/00048.c,1,S,1,0,0,0,1,1,0,1,1
/home/patrick/llnl/clang-find-decl/test/00049.c,3,S,1,0,0,0,1,1,0,1,1
/home/patrick/llnl/clang-find-decl/test/00050.c,1,S1,1,0,0,0,1,1,0,1,1
/home/patrick/llnl/clang-find-decl/test/00050.c,6,S2,1,0,0,0,1,1,0,1,1
/home/patrick/llnl/clang-find-decl/test/00050.c,9,,0,0,1,0,1,1,1,1,0
/home/patrick/llnl/clang-find-decl/test/00052.c,4,T,1,0,0,0,1,1,0,1,1
/home/patrick/llnl/clang-find-decl/test/00053.c,4,T,1,0,0,0,1,1,1,0,1
/home/patrick/llnl/clang-find-decl/test/00053.c,7,T,1,0,0,0,1,1,1,0,1
/home/patrick/llnl/clang-find-decl/test/00054.c,1,E,0,0,0,1,1,1,0,1,1
/home/patrick/llnl/clang-find-decl/test/00055.c,1,E,0,0,0,1,1,1,0,1,1
/home/patrick/llnl/clang-find-decl/test/00087.c,1,S,1,0,0,0,1,1,0,1,1
/home/patrick/llnl/clang-find-decl/test/00089.c,7,S,1,0,0,0,1,1,1,0,1
/home/patrick/llnl/clang-find-decl/test/00091.c,1,,1,0,0,0,1,1,1,0,1
/home/patrick/llnl/clang-find-decl/test/00099.c,2,,1,0,0,0,1,1,1,0,1
/home/patrick/llnl/clang-find-decl/test/00106.c,1,S1,1,0,0,0,1,1,0,1,1
/home/patrick/llnl/clang-find-decl/test/00106.c,2,S2,1,0,0,0,1,1,0,1,1
/home/patrick/llnl/clang-find-decl/test/00118.c,4,,1,0,0,0,1,1,1,0,0
/home/patrick/llnl/clang-find-decl/test/00120.c,1,,1,0,0,0,1,1,1,0,0
/home/patrick/llnl/clang-find-decl/test/00120.c,2,,0,0,0,1,1,1,1,0,0
/home/patrick/llnl/clang-find-decl/test/00129.c,1,s,1,0,0,0,0,0,1,0,1
/home/patrick/llnl/clang-find-decl/test/00129.c,3,s,1,0,0,0,1,1,1,0,1
/home/patrick/llnl/clang-find-decl/test/00129.c,4,s1,1,0,0,0,1,1,1,0,1
/home/patrick/llnl/clang-find-decl/test/00129.c,6,s2,1,0,0,0,1,1,1,0,1
/home/patrick/llnl/clang-find-decl/test/00140.c,1,foo,1,0,0,0,1,1,0,1,1
/home/patrick/llnl/clang-find-decl/test/00146.c,1,S,1,0,0,0,1,1,0,1,1
/home/patrick/llnl/clang-find-decl/test/00148.c,1,S,1,0,0,0,1,1,0,1,1
/home/patrick/llnl/clang-find-decl/test/00149.c,1,S,1,0,0,0,1,1,0,1,1
/home/patrick/llnl/clang-find-decl/test/00150.c,1,S1,1,0,0,0,1,1,0,1,1
/home/patrick/llnl/clang-find-decl/test/00150.c,5,S2,1,0,0,0,1,1,0,1,1
/home/patrick/llnl/clang-find-decl/test/00153.c,4,,1,0,0,0,1,1,1,0,1
/home/patrick/llnl/clang-find-decl/test/00154.c,72,,1,0,0,0,1,1,1,0,1
/home/patrick/llnl/clang-find-decl/test/00154.c,13,,1,0,0,0,1,1,1,0,1
/home/patrick/llnl/clang-find-decl/test/00154.c,16,,0,0,1,0,1,1,1,0,0
/home/patrick/llnl/clang-find-decl/test/00154.c,10,_G_fpos_t,1,0,0,0,1,1,1,0,1
/home/patrick/llnl/clang-find-decl/test/00154.c,10,_G_fpos64_t,1,0,0,0,1,1,1,0,1
/home/patrick/llnl/clang-find-decl/test/00154.c,4,_IO_FILE,1,0,0,0,0,0,0,1,1
/home/patrick/llnl/clang-find-decl/test/00154.c,4,_IO_FILE,1,0,0,0,0,0,0,1,1
/home/patrick/llnl/clang-find-decl/test/00154.c,35,_IO_FILE,1,0,0,0,0,0,0,1,1
/home/patrick/llnl/clang-find-decl/test/00154.c,36,_IO_marker,1,0,0,0,0,0,0,1,1
/home/patrick/llnl/clang-find-decl/test/00154.c,37,_IO_codecvt,1,0,0,0,0,0,0,1,1
/home/patrick/llnl/clang-find-decl/test/00154.c,38,_IO_wide_data,1,0,0,0,0,0,0,1,1
/home/patrick/llnl/clang-find-decl/test/00154.c,49,_IO_FILE,1,0,0,0,1,1,0,1,1
/home/patrick/llnl/clang-find-decl/test/00154.c,3,fred,1,0,0,0,1,1,0,1,1
/home/patrick/llnl/clang-find-decl/test/00163.c,72,,1,0,0,0,1,1,1,0,1
/home/patrick/llnl/clang-find-decl/test/00163.c,13,,1,0,0,0,1,1,1,0,1
/home/patrick/llnl/clang-find-decl/test/00163.c,16,,0,0,1,0,1,1,1,0,0
/home/patrick/llnl/clang-find-decl/test/00163.c,10,_G_fpos_t,1,0,0,0,1,1,1,0,1
/home/patrick/llnl/clang-find-decl/test/00163.c,10,_G_fpos64_t,1,0,0,0,1,1,1,0,1
/home/patrick/llnl/clang-find-decl/test/00163.c,4,_IO_FILE,1,0,0,0,0,0,0,1,1
/home/patrick/llnl/clang-find-decl/test/00163.c,4,_IO_FILE,1,0,0,0,0,0,0,1,1
/home/patrick/llnl/clang-find-decl/test/00163.c,35,_IO_FILE,1,0,0,0,0,0,0,1,1
/home/patrick/llnl/clang-find-decl/test/00163.c,36,_IO_marker,1,0,0,0,0,0,0,1,1
/home/patrick/llnl/clang-find-decl/test/00163.c,37,_IO_codecvt,1,0,0,0,0,0,0,1,1
/home/patrick/llnl/clang-find-decl/test/00163.c,38,_IO_wide_data,1,0,0,0,0,0,0,1,1
/home/patrick/llnl/clang-find-decl/test/00163.c,49,_IO_FILE,1,0,0,0,1,1,0,1,1
/home/patrick/llnl/clang-find-decl/test/00163.c,3,ziggy,1,0,0,0,1,1,1,0,1
/home/patrick/llnl/clang-find-decl/test/00170.c,72,,1,0,0,0,1,1,1,0,1
/home/patrick/llnl/clang-find-decl/test/00170.c,13,,1,0,0,0,1,1,1,0,1
/home/patrick/llnl/clang-find-decl/test/00170.c,16,,0,0,1,0,1,1,1,0,0
/home/patrick/llnl/clang-find-decl/test/00170.c,10,_G_fpos_t,1,0,0,0,1,1,1,0,1
/home/patrick/llnl/clang-find-decl/test/00170.c,10,_G_fpos64_t,1,0,0,0,1,1,1,0,1
/home/patrick/llnl/clang-find-decl/test/00170.c,4,_IO_FILE,1,0,0,0,0,0,0,1,1
/home/patrick/llnl/clang-find-decl/test/00170.c,4,_IO_FILE,1,0,0,0,0,0,0,1,1
/home/patrick/llnl/clang-find-decl/test/00170.c,35,_IO_FILE,1,0,0,0,0,0,0,1,1
/home/patrick/llnl/clang-find-decl/test/00170.c,36,_IO_marker,1,0,0,0,0,0,0,1,1
/home/patrick/llnl/clang-find-decl/test/00170.c,37,_IO_codecvt,1,0,0,0,0,0,0,1,1
/home/patrick/llnl/clang-find-decl/test/00170.c,38,_IO_wide_data,1,0,0,0,0,0,0,1,1
/home/patrick/llnl/clang-find-decl/test/00170.c,49,_IO_FILE,1,0,0,0,1,1,0,1,1
/home/patrick/llnl/clang-find-decl/test/00170.c,3,fred,0,0,0,1,1,1,0,1,1
/home/patrick/llnl/clang-find-decl/test/00170.c,22,efoo,0,0,0,1,0,0,0,1,1
/home/patrick/llnl/clang-find-decl/test/00170.c,23,Sforward_use,1,0,0,0,1,1,0,1,1
/home/patrick/llnl/clang-find-decl/test/00170.c,28,efoo,0,0,0,1,1,1,0,1,1
/home/patrick/llnl/clang-find-decl/test/00170.c,32,S2,1,0,0,0,1,1,0,1,1
/home/patrick/llnl/clang-find-decl/test/00170.c,50,Epositive,0,0,0,1,1,1,0,1,1
/home/patrick/llnl/clang-find-decl/test/00195.c,72,,1,0,0,0,1,1,1,0,1
/home/patrick/llnl/clang-find-decl/test/00195.c,13,,1,0,0,0,1,1,1,0,1
/home/patrick/llnl/clang-find-decl/test/00195.c,16,,0,0,1,0,1,1,1,0,0
/home/patrick/llnl/clang-find-decl/test/00195.c,10,_G_fpos_t,1,0,0,0,1,1,1,0,1
/home/patrick/llnl/clang-find-decl/test/00195.c,10,_G_fpos64_t,1,0,0,0,1,1,1,0,1
/home/patrick/llnl/clang-find-decl/test/00195.c,4,_IO_FILE,1,0,0,0,0,0,0,1,1
/home/patrick/llnl/clang-find-decl/test/00195.c,4,_IO_FILE,1,0,0,0,0,0,0,1,1
/home/patrick/llnl/clang-find-decl/test/00195.c,35,_IO_FILE,1,0,0,0,0,0,0,1,1
/home/patrick/llnl/clang-find-decl/test/00195.c,36,_IO_marker,1,0,0,0,0,0,0,1,1
/home/patrick/llnl/clang-find-decl/test/00195.c,37,_IO_codecvt,1,0,0,0,0,0,0,1,1
/home/patrick/llnl/clang-find-decl/test/00195.c,38,_IO_wide_data,1,0,0,0,0,0,0,1,1
/home/patrick/llnl/clang-find-decl/test/00195.c,49,_IO_FILE,1,0,0,0,1,1,0,1,1
/home/patrick/llnl/clang-find-decl/test/00195.c,3,point,1,0,0,0,1,1,0,1,1
/home/patrick/llnl/clang-find-decl/test/00198.c,72,,1,0,0,0,1,1,1,0,1
/home/patrick/llnl/clang-find-decl/test/00198.c,13,,1,0,0,0,1,1,1,0,1
/home/patrick/llnl/clang-find-decl/test/00198.c,16,,0,0,1,0,1,1,1,0,0
/home/patrick/llnl/clang-find-decl/test/00198.c,10,_G_fpos_t,1,0,0,0,1,1,1,0,1
/home/patrick/llnl/clang-find-decl/test/00198.c,10,_G_fpos64_t,1,0,0,0,1,1,1,0,1
/home/patrick/llnl/clang-find-decl/test/00198.c,4,_IO_FILE,1,0,0,0,0,0,0,1,1
/home/patrick/llnl/clang-find-decl/test/00198.c,4,_IO_FILE,1,0,0,0,0,0,0,1,1
/home/patrick/llnl/clang-find-decl/test/00198.c,35,_IO_FILE,1,0,0,0,0,0,0,1,1
/home/patrick/llnl/clang-find-decl/test/00198.c,36,_IO_marker,1,0,0,0,0,0,0,1,1
/home/patrick/llnl/clang-find-decl/test/00198.c,37,_IO_codecvt,1,0,0,0,0,0,0,1,1
/home/patrick/llnl/clang-find-decl/test/00198.c,38,_IO_wide_data,1,0,0,0,0,0,0,1,1
/home/patrick/llnl/clang-find-decl/test/00198.c,49,_IO_FILE,1,0,0,0,1,1,0,1,1
/home/patrick/llnl/clang-find-decl/test/00198.c,3,fred,0,0,0,1,1,1,0,1,1
/home/patrick/llnl/clang-find-decl/test/00198.c,13,,0,0,0,1,1,1,1,0,1
/home/patrick/llnl/clang-find-decl/test/00198.c,14,,0,0,0,1,1,1,1,0,1
/home/patrick/llnl/clang-find-decl/test/00204.c,72,,1,0,0,0,1,1,1,0,1
/home/patrick/llnl/clang-find-decl/test/00204.c,13,,1,0,0,0,1,1,1,0,1
/home/patrick/llnl/clang-find-decl/test/00204.c,16,,0,0,1,0,1,1,1,0,0
/home/patrick/llnl/clang-find-decl/test/00204.c,10,_G_fpos_t,1,0,0,0,1,1,1,0,1
/home/patrick/llnl/clang-find-decl/test/00204.c,10,_G_fpos64_t,1,0,0,0,1,1,1,0,1
/home/patrick/llnl/clang-find-decl/test/00204.c,4,_IO_FILE,1,0,0,0,0,0,0,1,1
/home/patrick/llnl/clang-find-decl/test/00204.c,4,_IO_FILE,1,0,0,0,0,0,0,1,1
/home/patrick/llnl/clang-find-decl/test/00204.c,35,_IO_FILE,1,0,0,0,0,0,0,1,1
/home/patrick/llnl/clang-find-decl/test/00204.c,36,_IO_marker,1,0,0,0,0,0,0,1,1
/home/patrick/llnl/clang-find-decl/test/00204.c,37,_IO_codecvt,1,0,0,0,0,0,0,1,1
/home/patrick/llnl/clang-find-decl/test/00204.c,38,_IO_wide_data,1,0,0,0,0,0,0,1,1
/home/patrick/llnl/clang-find-decl/test/00204.c,49,_IO_FILE,1,0,0,0,1,1,0,1,1
/home/patrick/llnl/clang-find-decl/test/00204.c,8,s1,1,0,0,0,1,1,1,0,1
/home/patrick/llnl/clang-find-decl/test/00204.c,9,s2,1,0,0,0,1,1,1,0,1
/home/patrick/llnl/clang-find-decl/test/00204.c,10,s3,1,0,0,0,1,1,1,0,1
/home/patrick/llnl/clang-find-decl/test/00204.c,11,s4,1,0,0,0,1,1,1,0,1
/home/patrick/llnl/clang-find-decl/test/00204.c,12,s5,1,0,0,0,1,1,1,0,1
/home/patrick/llnl/clang-find-decl/test/00204.c,13,s6,1,0,0,0,1,1,1,0,1
/home/patrick/llnl/clang-find-decl/test/00204.c,14,s7,1,0,0,0,1,1,1,0,1
/home/patrick/llnl/clang-find-decl/test/00204.c,15,s8,1,0,0,0,1,1,1,0,1
/home/patrick/llnl/clang-find-decl/test/00204.c,16,s9,1,0,0,0,1,1,1,0,1
/home/patrick/llnl/clang-find-decl/test/00204.c,17,s10,1,0,0,0,1,1,1,0,1
/home/patrick/llnl/clang-find-decl/test/00204.c,18,s11,1,0,0,0,1,1,1,0,1
/home/patrick/llnl/clang-find-decl/test/00204.c,19,s12,1,0,0,0,1,1,1,0,1
/home/patrick/llnl/clang-find-decl/test/00204.c,20,s13,1,0,0,0,1,1,1,0,1
/home/patrick/llnl/clang-find-decl/test/00204.c,21,s14,1,0,0,0,1,1,1,0,1
/home/patrick/llnl/clang-find-decl/test/00204.c,22,s15,1,0,0,0,1,1,1,0,1
/home/patrick/llnl/clang-find-decl/test/00204.c,23,s16,1,0,0,0,1,1,1,0,1
/home/patrick/llnl/clang-find-decl/test/00204.c,24,s17,1,0,0,0,1,1,1,0,1
/home/patrick/llnl/clang-find-decl/test/00204.c,26,hfa11,1,0,0,0,1,1,1,0,1
/home/patrick/llnl/clang-find-decl/test/00204.c,27,hfa12,1,0,0,0,1,1,1,0,1
/home/patrick/llnl/clang-find-decl/test/00204.c,28,hfa13,1,0,0,0,1,1,1,0,1
/home/patrick/llnl/clang-find-decl/test/00204.c,29,hfa14,1,0,0,0,1,1,1,0,1
/home/patrick/llnl/clang-find-decl/test/00204.c,31,hfa21,1,0,0,0,1,1,1,0,1
/home/patrick/llnl/clang-find-decl/test/00204.c,32,hfa22,1,0,0,0,1,1,1,0,1
/home/patrick/llnl/clang-find-decl/test/00204.c,33,hfa23,1,0,0,0,1,1,1,0,1
/home/patrick/llnl/clang-find-decl/test/00204.c,34,hfa24,1,0,0,0,1,1,1,0,1
/home/patrick/llnl/clang-find-decl/test/00204.c,36,hfa31,1,0,0,0,1,1,1,0,1
/home/patrick/llnl/clang-find-decl/test/00204.c,37,hfa32,1,0,0,0,1,1,1,0,1
/home/patrick/llnl/clang-find-decl/test/00204.c,38,hfa33,1,0,0,0,1,1,1,0,1
/home/patrick/llnl/clang-find-decl/test/00204.c,39,hfa34,1,0,0,0,1,1,1,0,1
/home/patrick/llnl/clang-find-decl/test/00205.c,72,,1,0,0,0,1,1,1,0,1
/home/patrick/llnl/clang-find-decl/test/00205.c,13,,1,0,0,0,1,1,1,0,1
/home/patrick/llnl/clang-find-decl/test/00205.c,16,,0,0,1,0,1,1,1,0,0
/home/patrick/llnl/clang-find-decl/test/00205.c,10,_G_fpos_t,1,0,0,0,1,1,1,0,1
/home/patrick/llnl/clang-find-decl/test/00205.c,10,_G_fpos64_t,1,0,0,0,1,1,1,0,1
/home/patrick/llnl/clang-find-decl/test/00205.c,4,_IO_FILE,1,0,0,0,0,0,0,1,1
/home/patrick/llnl/clang-find-decl/test/00205.c,4,_IO_FILE,1,0,0,0,0,0,0,1,1
/home/patrick/llnl/clang-find-decl/test/00205.c,35,_IO_FILE,1,0,0,0,0,0,0,1,1
/home/patrick/llnl/clang-find-decl/test/00205.c,36,_IO_marker,1,0,0,0,0,0,0,1,1
/home/patrick/llnl/clang-find-decl/test/00205.c,37,_IO_codecvt,1,0,0,0,0,0,0,1,1
/home/patrick/llnl/clang-find-decl/test/00205.c,38,_IO_wide_data,1,0,0,0,0,0,0,1,1
/home/patrick/llnl/clang-find-decl/test/00205.c,49,_IO_FILE,1,0,0,0,1,1,0,1,1
/home/patrick/llnl/clang-find-decl/test/00205.c,6,,1,0,0,0,1,1,1,0,1
/home/patrick/llnl/clang-find-decl/test/00208.c,72,,1,0,0,0,1,1,1,0,1
/home/patrick/llnl/clang-find-decl/test/00208.c,13,,1,0,0,0,1,1,1,0,1
/home/patrick/llnl/clang-find-decl/test/00208.c,16,,0,0,1,0,1,1,1,0,0
/home/patrick/llnl/clang-find-decl/test/00208.c,10,_G_fpos_t,1,0,0,0,1,1,1,0,1
/home/patrick/llnl/clang-find-decl/test/00208.c,10,_G_fpos64_t,1,0,0,0,1,1,1,0,1
/home/patrick/llnl/clang-find-decl/test/00208.c,4,_IO_FILE,1,0,0,0,0,0,0,1,1
/home/patrick/llnl/clang-find-decl/test/00208.c,4,_IO_FILE,1,0,0,0,0,0,0,1,1
/home/patrick/llnl/clang-find-decl/test/00208.c,35,_IO_FILE,1,0,0,0,0,0,0,1,1
/home/patrick/llnl/clang-find-decl/test/00208.c,36,_IO_marker,1,0,0,0,0,0,0,1,1
/home/patrick/llnl/clang-find-decl/test/00208.c,37,_IO_codecvt,1,0,0,0,0,0,0,1,1
/home/patrick/llnl/clang-find-decl/test/00208.c,38,_IO_wide_data,1,0,0,0,0,0,0,1,1
/home/patrick/llnl/clang-find-decl/test/00208.c,49,_IO_FILE,1,0,0,0,1,1,0,1,1
/home/patrick/llnl/clang-find-decl/test/00208.c,2,wchar,1,0,0,0,1,1,0,1,1
/home/patrick/llnl/clang-find-decl/test/00208.c,5,wint,1,0,0,0,1,1,0,1,1
/home/patrick/llnl/clang-find-decl/test/00209.c,3,E,0,0,0,1,0,0,1,0,1
/home/patrick/llnl/clang-find-decl/test/00209.c,6,S,1,0,0,0,0,0,1,0,1
/home/patrick/llnl/clang-find-decl/test/00210.c,4,Unaligned16a,0,0,1,0,1,1,1,0,1
/home/patrick/llnl/clang-find-decl/test/00210.c,9,Unaligned16b,0,0,1,0,1,1,1,0,1
/home/patrick/llnl/clang-find-decl/test/00216.c,2,,1,0,0,0,1,1,1,0,1
/home/patrick/llnl/clang-find-decl/test/00216.c,3,contains_empty,1,0,0,0,1,1,0,1,1
/home/patrick/llnl/clang-find-decl/test/00216.c,14,SS,1,0,0,0,1,1,0,1,1
/home/patrick/llnl/clang-find-decl/test/00216.c,16,S,1,0,0,0,1,1,0,1,1
/home/patrick/llnl/clang-find-decl/test/00216.c,22,T,1,0,0,0,1,1,0,1,1
/home/patrick/llnl/clang-find-decl/test/00216.c,28,U,1,0,0,0,1,1,0,1,1
/home/patrick/llnl/clang-find-decl/test/00216.c,36,V,1,0,0,0,1,1,0,1,1
/home/patrick/llnl/clang-find-decl/test/00216.c,43,W,1,0,0,0,1,1,0,1,1
/home/patrick/llnl/clang-find-decl/test/00216.c,70,UU,0,0,1,0,1,1,0,1,1
/home/patrick/llnl/clang-find-decl/test/00216.c,74,SU,1,0,0,0,1,1,0,1,1
/home/patrick/llnl/clang-find-decl/test/00216.c,82,UV,0,0,1,0,1,1,0,1,1
/home/patrick/llnl/clang-find-decl/test/00216.c,83,,1,0,0,0,1,1,1,1,0
/home/patrick/llnl/clang-find-decl/test/00216.c,99,in6_addr,1,0,0,0,1,1,0,1,1
/home/patrick/llnl/clang-find-decl/test/00216.c,100,,0,0,1,0,1,1,1,0,0
/home/patrick/llnl/clang-find-decl/test/00216.c,105,flowi6,1,0,0,0,1,1,0,1,1
/home/patrick/llnl/clang-find-decl/test/00216.c,108,pkthdr,1,0,0,0,1,1,0,1,1
/home/patrick/llnl/clang-find-decl/test/00216.c,113,Wrap,1,0,0,0,1,1,0,1,1
/home/patrick/llnl/clang-find-decl/test/00216.c,72,,1,0,0,0,1,1,1,0,1
/home/patrick/llnl/clang-find-decl/test/00216.c,13,,1,0,0,0,1,1,1,0,1
/home/patrick/llnl/clang-find-decl/test/00216.c,16,,0,0,1,0,1,1,1,0,0
/home/patrick/llnl/clang-find-decl/test/00216.c,10,_G_fpos_t,1,0,0,0,1,1,1,0,1
/home/patrick/llnl/clang-find-decl/test/00216.c,10,_G_fpos64_t,1,0,0,0,1,1,1,0,1
/home/patrick/llnl/clang-find-decl/test/00216.c,4,_IO_FILE,1,0,0,0,0,0,0,1,1
/home/patrick/llnl/clang-find-decl/test/00216.c,4,_IO_FILE,1,0,0,0,0,0,0,1,1
/home/patrick/llnl/clang-find-decl/test/00216.c,35,_IO_FILE,1,0,0,0,0,0,0,1,1
/home/patrick/llnl/clang-find-decl/test/00216.c,36,_IO_marker,1,0,0,0,0,0,0,1,1
/home/patrick/llnl/clang-find-decl/test/00216.c,37,_IO_codecvt,1,0,0,0,0,0,0,1,1
/home/patrick/llnl/clang-find-decl/test/00216.c,38,_IO_wide_data,1,0,0,0,0,0,0,1,1
/home/patrick/llnl/clang-find-decl/test/00216.c,49,_IO_FILE,1,0,0,0,1,1,0,1,1
/home/patrick/llnl/clang-find-decl/test/00216.c,223,SEA,1,0,0,0,1,1,0,1,1
/home/patrick/llnl/clang-find-decl/test/00216.c,224,SEB,1,0,0,0,1,1,0,1,1
/home/patrick/llnl/clang-find-decl/test/00216.c,225,SEC,1,0,0,0,1,1,0,1,1
/home/patrick/llnl/clang-find-decl/test/00216.c,226,SED,1,0,0,0,1,1,0,1,1
/home/patrick/llnl/clang-find-decl/test/00218.c,6,tree_code,0,0,0,1,1,1,0,1,1
/home/patrick/llnl/clang-find-decl/test/00218.c,10,tree_node,0,0,1,0,0,0,1,0,1
/home/patrick/llnl/clang-find-decl/test/00218.c,11,tree_common,1,0,0,0,1,1,0,1,1
/home/patrick/llnl/clang-find-decl/test/00218.c,18,tree_node,0,0,1,0,1,1,0,1,1
/home/patrick/llnl/clang-find-decl/test/00218.c,22,c_tree_code,0,0,0,1,1,1,0,1,1
/home/patrick/llnl/clang-find-decl/test/00218.c,27,cplus_tree_code,0,0,0,1,1,1,0,1,1
/home/patrick/llnl/clang-find-decl/test/00219.c,72,,1,0,0,0,1,1,1,0,1
/home/patrick/llnl/clang-find-decl/test/00219.c,13,,1,0,0,0,1,1,1,0,1
/home/patrick/llnl/clang-find-decl/test/00219.c,16,,0,0,1,0,1,1,1,0,0
/home/patrick/llnl/clang-find-decl/test/00219.c,10,_G_fpos_t,1,0,0,0,1,1,1,0,1
/home/patrick/llnl/clang-find-decl/test/00219.c,10,_G_fpos64_t,1,0,0,0,1,1,1,0,1
/home/patrick/llnl/clang-find-decl/test/00219.c,4,_IO_FILE,1,0,0,0,0,0,0,1,1
/home/patrick/llnl/clang-find-decl/test/00219.c,4,_IO_FILE,1,0,0,0,0,0,0,1,1
/home/patrick/llnl/clang-find-decl/test/00219.c,35,_IO_FILE,1,0,0,0,0,0,0,1,1
/home/patrick/llnl/clang-find-decl/test/00219.c,36,_IO_marker,1,0,0,0,0,0,0,1,1
/home/patrick/llnl/clang-find-decl/test/00219.c,37,_IO_codecvt,1,0,0,0,0,0,0,1,1
/home/patrick/llnl/clang-find-decl/test/00219.c,38,_IO_wide_data,1,0,0,0,0,0,0,1,1
/home/patrick/llnl/clang-find-decl/test/00219.c,49,_IO_FILE,1,0,0,0,1,1,0,1,1
/home/patrick/llnl/clang-find-decl/test/00219.c,5,a,1,0,0,0,1,1,0,1,1
/home/patrick/llnl/clang-find-decl/test/00219.c,9,b,1,0,0,0,1,1,0,1,1
/home/patrick/llnl/clang-find-decl/test/enum_10.c,5,,0,0,0,1,1,1,1,0,1
/home/patrick/llnl/clang-find-decl/test/enum_10.c,13,,0,0,0,1,1,1,1,0,1
/home/patrick/llnl/clang-find-decl/test/enum_10.c,21,,0,0,0,1,1,1,1,0,1
/home/patrick/llnl/clang-find-decl/test/enum1.c,2,x,0,0,0,1,1,1,0,1,1
/home/patrick/llnl/clang-find-decl/test/enum2.c,1,,0,0,0,1,1,1,1,0,1
/home/patrick/llnl/clang-find-decl/test/extra-semi-resulting-in-nullstmt.cpp,10,MyEnum,0,0,0,1,1,1,0,1,1
